scenario,run,rule_label,rule_pkce_weak,rule_redirect_suspicious,rule_refresh_abuse,rule_auth_error,rule_token_error
no_pkce_accepted,1,no_pkce_rejected,1,0,0,0,1
no_pkce_accepted,10,no_pkce_rejected,1,0,0,0,1
no_pkce_accepted,100,no_pkce_rejected,1,0,0,0,1
no_pkce_accepted,101,no_pkce_rejected,1,0,0,0,0
no_pkce_accepted,102,no_pkce_rejected,1,0,0,0,1
no_pkce_accepted,103,no_pkce_rejected,1,0,0,0,0
no_pkce_accepted,104,no_pkce_rejected,1,0,0,0,0
no_pkce_accepted,105,no_pkce_rejected,1,0,0,0,0
no_pkce_accepted,106,no_pkce_rejected,1,0,0,0,1
no_pkce_accepted,107,no_pkce_rejected,1,0,0,0,0
no_pkce_accepted,108,no_pkce_rejected,1,0,0,0,1
no_pkce_accepted,109,no_pkce_rejected,1,0,0,0,1
no_pkce_accepted,11,no_pkce_rejected,1,0,0,0,0
no_pkce_accepted,110,no_pkce_rejected,1,0,0,0,0
no_pkce_accepted,111,no_pkce_rejected,1,0,0,0,0
no_pkce_accepted,112,no_pkce_rejected,1,0,0,0,1
no_pkce_accepted,113,no_pkce_rejected,1,0,0,0,0
no_pkce_accepted,114,no_pkce_rejected,1,0,0,0,1
no_pkce_accepted,115,no_pkce_rejected,1,0,0,0,1
no_pkce_accepted,116,no_pkce_rejected,1,0,0,0,0
no_pkce_accepted,117,no_pkce_rejected,1,0,0,0,1
no_pkce_accepted,118,no_pkce_rejected,1,0,0,0,0
no_pkce_accepted,119,no_pkce_rejected,1,0,0,0,0
no_pkce_accepted,12,no_pkce_rejected,1,0,0,0,0
no_pkce_accepted,120,no_pkce_rejected,1,0,0,0,1
no_pkce_accepted,121,no_pkce_rejected,1,0,0,0,1
no_pkce_accepted,122,no_pkce_rejected,1,0,0,0,0
no_pkce_accepted,123,no_pkce_rejected,1,0,0,0,1
no_pkce_accepted,124,no_pkce_rejected,1,0,0,0,1
no_pkce_accepted,125,no_pkce_rejected,1,0,0,0,1
no_pkce_accepted,126,no_pkce_rejected,1,0,0,0,1
no_pkce_accepted,127,no_pkce_rejected,1,0,0,0,1
no_pkce_accepted,128,no_pkce_rejected,1,0,0,0,0
no_pkce_accepted,129,no_pkce_rejected,1,0,0,0,1
no_pkce_accepted,13,no_pkce_rejected,1,0,0,0,0
no_pkce_accepted,130,no_pkce_rejected,1,0,0,0,1
no_pkce_accepted,131,no_pkce_rejected,1,0,0,0,1
no_pkce_accepted,132,no_pkce_rejected,1,0,0,0,1
no_pkce_accepted,133,no_pkce_rejected,1,0,0,0,1
no_pkce_accepted,134,no_pkce_rejected,1,0,0,0,0
no_pkce_accepted,135,no_pkce_rejected,1,0,0,0,0
no_pkce_accepted,136,no_pkce_rejected,1,0,0,0,0
no_pkce_accepted,137,no_pkce_rejected,1,0,0,0,1
no_pkce_accepted,138,no_pkce_rejected,1,0,0,0,1
no_pkce_accepted,139,no_pkce_rejected,1,0,0,0,0
no_pkce_accepted,14,no_pkce_rejected,1,0,0,0,1
no_pkce_accepted,140,no_pkce_rejected,1,0,0,0,1
no_pkce_accepted,141,no_pkce_rejected,1,0,0,0,0
no_pkce_accepted,142,no_pkce_rejected,1,0,0,0,1
no_pkce_accepted,143,no_pkce_rejected,1,0,0,0,0
no_pkce_accepted,144,no_pkce_rejected,1,0,0,0,1
no_pkce_accepted,145,no_pkce_rejected,1,0,0,0,1
no_pkce_accepted,146,no_pkce_rejected,1,0,0,0,1
no_pkce_accepted,147,no_pkce_rejected,1,0,0,0,1
no_pkce_accepted,148,no_pkce_rejected,1,0,0,0,1
no_pkce_accepted,149,no_pkce_rejected,1,0,0,0,1
no_pkce_accepted,15,no_pkce_rejected,1,0,0,0,1
no_pkce_accepted,150,no_pkce_rejected,1,0,0,0,0
no_pkce_accepted,151,no_pkce_rejected,1,0,0,0,0
no_pkce_accepted,152,no_pkce_rejected,1,0,0,0,1
no_pkce_accepted,153,no_pkce_rejected,1,0,0,0,0
no_pkce_accepted,154,no_pkce_rejected,1,0,0,0,0
no_pkce_accepted,155,no_pkce_rejected,1,0,0,0,0
no_pkce_accepted,16,no_pkce_rejected,1,0,0,0,1
no_pkce_accepted,17,no_pkce_rejected,1,0,0,0,1
no_pkce_accepted,18,no_pkce_rejected,1,0,0,0,0
no_pkce_accepted,19,no_pkce_rejected,1,0,0,0,1
no_pkce_accepted,2,no_pkce_rejected,1,0,0,0,1
no_pkce_accepted,20,no_pkce_rejected,1,0,0,0,0
no_pkce_accepted,21,no_pkce_rejected,1,0,0,0,1
no_pkce_accepted,22,no_pkce_rejected,1,0,0,0,1
no_pkce_accepted,23,no_pkce_rejected,1,0,0,0,1
no_pkce_accepted,24,no_pkce_rejected,1,0,0,0,0
no_pkce_accepted,25,no_pkce_rejected,1,0,0,0,0
no_pkce_accepted,26,no_pkce_rejected,1,0,0,0,1
no_pkce_accepted,27,no_pkce_rejected,1,0,0,0,0
no_pkce_accepted,28,no_pkce_rejected,1,0,0,0,1
no_pkce_accepted,29,no_pkce_rejected,1,0,0,0,1
no_pkce_accepted,3,no_pkce_rejected,1,0,0,0,1
no_pkce_accepted,30,no_pkce_rejected,1,0,0,0,1
no_pkce_accepted,31,no_pkce_rejected,1,0,0,0,1
no_pkce_accepted,32,no_pkce_rejected,1,0,0,0,1
no_pkce_accepted,33,no_pkce_rejected,1,0,0,0,1
no_pkce_accepted,34,no_pkce_rejected,1,0,0,0,1
no_pkce_accepted,35,no_pkce_rejected,1,0,0,0,1
no_pkce_accepted,36,no_pkce_rejected,1,0,0,0,1
no_pkce_accepted,37,no_pkce_rejected,1,0,0,0,0
no_pkce_accepted,38,no_pkce_rejected,1,0,0,0,0
no_pkce_accepted,39,no_pkce_rejected,1,0,0,0,1
no_pkce_accepted,4,no_pkce_rejected,1,0,0,0,1
no_pkce_accepted,40,no_pkce_rejected,1,0,0,0,1
no_pkce_accepted,41,no_pkce_rejected,1,0,0,0,0
no_pkce_accepted,42,no_pkce_rejected,1,0,0,0,0
no_pkce_accepted,43,no_pkce_rejected,1,0,0,0,0
no_pkce_accepted,44,no_pkce_rejected,1,0,0,0,1
no_pkce_accepted,45,no_pkce_rejected,1,0,0,0,1
no_pkce_accepted,46,no_pkce_rejected,1,0,0,0,0
no_pkce_accepted,47,no_pkce_rejected,1,0,0,0,1
no_pkce_accepted,48,no_pkce_rejected,1,0,0,0,0
no_pkce_accepted,49,no_pkce_rejected,1,0,0,0,0
no_pkce_accepted,5,no_pkce_rejected,1,0,0,0,0
no_pkce_accepted,50,no_pkce_rejected,1,0,0,0,1
no_pkce_accepted,51,no_pkce_rejected,1,0,0,0,0
no_pkce_accepted,52,no_pkce_rejected,1,0,0,0,0
no_pkce_accepted,53,no_pkce_rejected,1,0,0,0,1
no_pkce_accepted,54,no_pkce_rejected,1,0,0,0,0
no_pkce_accepted,55,no_pkce_rejected,1,0,0,0,0
no_pkce_accepted,56,no_pkce_rejected,1,0,0,0,0
no_pkce_accepted,57,no_pkce_rejected,1,0,0,0,1
no_pkce_accepted,58,no_pkce_rejected,1,0,0,0,0
no_pkce_accepted,59,no_pkce_rejected,1,0,0,0,1
no_pkce_accepted,6,no_pkce_rejected,1,0,0,0,1
no_pkce_accepted,60,no_pkce_rejected,1,0,0,0,0
no_pkce_accepted,61,no_pkce_rejected,1,0,0,0,1
no_pkce_accepted,62,no_pkce_rejected,1,0,0,0,1
no_pkce_accepted,63,no_pkce_rejected,1,0,0,0,1
no_pkce_accepted,64,no_pkce_rejected,1,0,0,0,1
no_pkce_accepted,65,no_pkce_rejected,1,0,0,0,1
no_pkce_accepted,66,no_pkce_rejected,1,0,0,0,1
no_pkce_accepted,67,no_pkce_rejected,1,0,0,0,1
no_pkce_accepted,68,no_pkce_rejected,1,0,0,0,0
no_pkce_accepted,69,no_pkce_rejected,1,0,0,0,0
no_pkce_accepted,7,no_pkce_rejected,1,0,0,0,1
no_pkce_accepted,70,no_pkce_rejected,1,0,0,0,1
no_pkce_accepted,71,no_pkce_rejected,1,0,0,0,0
no_pkce_accepted,72,no_pkce_rejected,1,0,0,0,1
no_pkce_accepted,73,no_pkce_rejected,1,0,0,0,1
no_pkce_accepted,74,no_pkce_rejected,1,0,0,0,1
no_pkce_accepted,75,no_pkce_rejected,1,0,0,0,1
no_pkce_accepted,76,no_pkce_rejected,1,0,0,0,1
no_pkce_accepted,77,no_pkce_rejected,1,0,0,0,1
no_pkce_accepted,78,no_pkce_rejected,1,0,0,0,1
no_pkce_accepted,79,no_pkce_rejected,1,0,0,0,1
no_pkce_accepted,8,no_pkce_rejected,1,0,0,0,0
no_pkce_accepted,80,no_pkce_rejected,1,0,0,0,0
no_pkce_accepted,81,no_pkce_rejected,1,0,0,0,1
no_pkce_accepted,82,no_pkce_rejected,1,0,0,0,1
no_pkce_accepted,83,no_pkce_rejected,1,0,0,0,0
no_pkce_accepted,84,no_pkce_rejected,1,0,0,0,1
no_pkce_accepted,85,no_pkce_rejected,1,0,0,0,0
no_pkce_accepted,86,no_pkce_rejected,1,0,0,0,1
no_pkce_accepted,87,no_pkce_rejected,1,0,0,0,1
no_pkce_accepted,88,no_pkce_rejected,1,0,0,0,1
no_pkce_accepted,89,no_pkce_rejected,1,0,0,0,1
no_pkce_accepted,9,no_pkce_rejected,1,0,0,0,0
no_pkce_accepted,90,no_pkce_rejected,1,0,0,0,0
no_pkce_accepted,91,no_pkce_rejected,1,0,0,0,1
no_pkce_accepted,92,no_pkce_rejected,1,0,0,0,0
no_pkce_accepted,93,no_pkce_rejected,1,0,0,0,0
no_pkce_accepted,94,no_pkce_rejected,1,0,0,0,0
no_pkce_accepted,95,no_pkce_rejected,1,0,0,0,1
no_pkce_accepted,96,no_pkce_rejected,1,0,0,0,1
no_pkce_accepted,97,no_pkce_rejected,1,0,0,0,1
no_pkce_accepted,98,no_pkce_rejected,1,0,0,0,0
no_pkce_accepted,99,no_pkce_rejected,1,0,0,0,1
no_pkce_rejected,1,no_pkce_rejected,1,0,0,0,0
no_pkce_rejected,10,no_pkce_rejected,1,0,0,0,0
no_pkce_rejected,100,no_pkce_rejected,1,0,0,0,1
no_pkce_rejected,101,no_pkce_rejected,1,0,0,0,1
no_pkce_rejected,102,no_pkce_rejected,1,0,0,0,1
no_pkce_rejected,103,no_pkce_rejected,1,0,0,0,0
no_pkce_rejected,104,no_pkce_rejected,1,0,0,0,1
no_pkce_rejected,105,no_pkce_rejected,1,0,0,0,1
no_pkce_rejected,106,no_pkce_rejected,1,0,0,0,1
no_pkce_rejected,107,no_pkce_rejected,1,0,0,0,1
no_pkce_rejected,108,no_pkce_rejected,1,0,0,0,1
no_pkce_rejected,109,no_pkce_rejected,1,0,0,0,0
no_pkce_rejected,11,no_pkce_rejected,1,0,0,0,1
no_pkce_rejected,110,no_pkce_rejected,1,0,0,0,0
no_pkce_rejected,111,no_pkce_rejected,1,0,0,0,1
no_pkce_rejected,112,no_pkce_rejected,1,0,0,0,0
no_pkce_rejected,113,no_pkce_rejected,1,0,0,0,1
no_pkce_rejected,114,no_pkce_rejected,1,0,0,0,1
no_pkce_rejected,115,no_pkce_rejected,1,0,0,0,0
no_pkce_rejected,116,no_pkce_rejected,1,0,0,0,0
no_pkce_rejected,117,no_pkce_rejected,1,0,0,0,0
no_pkce_rejected,118,no_pkce_rejected,1,0,0,0,1
no_pkce_rejected,119,no_pkce_rejected,1,0,0,0,1
no_pkce_rejected,12,no_pkce_rejected,1,0,0,0,1
no_pkce_rejected,120,no_pkce_rejected,1,0,0,0,1
no_pkce_rejected,121,no_pkce_rejected,1,0,0,0,1
no_pkce_rejected,122,no_pkce_rejected,1,0,0,0,1
no_pkce_rejected,123,no_pkce_rejected,1,0,0,0,0
no_pkce_rejected,124,no_pkce_rejected,1,0,0,0,1
no_pkce_rejected,125,no_pkce_rejected,1,0,0,0,1
no_pkce_rejected,126,no_pkce_rejected,1,0,0,0,1
no_pkce_rejected,127,no_pkce_rejected,1,0,0,0,0
no_pkce_rejected,128,no_pkce_rejected,1,0,0,0,1
no_pkce_rejected,129,no_pkce_rejected,1,0,0,0,1
no_pkce_rejected,13,no_pkce_rejected,1,0,0,0,1
no_pkce_rejected,130,no_pkce_rejected,1,0,0,0,0
no_pkce_rejected,131,no_pkce_rejected,1,0,0,0,1
no_pkce_rejected,132,no_pkce_rejected,1,0,0,0,1
no_pkce_rejected,133,no_pkce_rejected,1,0,0,0,0
no_pkce_rejected,134,no_pkce_rejected,1,0,0,0,1
no_pkce_rejected,135,no_pkce_rejected,1,0,0,0,1
no_pkce_rejected,136,no_pkce_rejected,1,0,0,0,1
no_pkce_rejected,137,no_pkce_rejected,1,0,0,0,1
no_pkce_rejected,138,no_pkce_rejected,1,0,0,0,1
no_pkce_rejected,139,no_pkce_rejected,1,0,0,0,0
no_pkce_rejected,14,no_pkce_rejected,1,0,0,0,1
no_pkce_rejected,140,no_pkce_rejected,1,0,0,0,1
no_pkce_rejected,141,no_pkce_rejected,1,0,0,0,1
no_pkce_rejected,142,no_pkce_rejected,1,0,0,0,1
no_pkce_rejected,143,no_pkce_rejected,1,0,0,0,0
no_pkce_rejected,144,no_pkce_rejected,1,0,0,0,1
no_pkce_rejected,145,no_pkce_rejected,1,0,0,0,1
no_pkce_rejected,146,no_pkce_rejected,1,0,0,0,1
no_pkce_rejected,147,no_pkce_rejected,1,0,0,0,1
no_pkce_rejected,148,no_pkce_rejected,1,0,0,0,0
no_pkce_rejected,149,no_pkce_rejected,1,0,0,0,0
no_pkce_rejected,15,no_pkce_rejected,1,0,0,0,1
no_pkce_rejected,150,no_pkce_rejected,1,0,0,0,1
no_pkce_rejected,151,no_pkce_rejected,1,0,0,0,1
no_pkce_rejected,152,no_pkce_rejected,1,0,0,0,1
no_pkce_rejected,153,no_pkce_rejected,1,0,0,0,1
no_pkce_rejected,154,no_pkce_rejected,1,0,0,0,0
no_pkce_rejected,155,no_pkce_rejected,1,0,0,0,1
no_pkce_rejected,16,no_pkce_rejected,1,0,0,0,0
no_pkce_rejected,17,no_pkce_rejected,1,0,0,0,0
no_pkce_rejected,18,no_pkce_rejected,1,0,0,0,0
no_pkce_rejected,19,no_pkce_rejected,1,0,0,0,0
no_pkce_rejected,2,no_pkce_rejected,1,0,0,0,0
no_pkce_rejected,20,no_pkce_rejected,1,0,0,0,1
no_pkce_rejected,21,no_pkce_rejected,1,0,0,0,1
no_pkce_rejected,22,no_pkce_rejected,1,0,0,0,0
no_pkce_rejected,23,no_pkce_rejected,1,0,0,0,1
no_pkce_rejected,24,no_pkce_rejected,1,0,0,0,1
no_pkce_rejected,25,no_pkce_rejected,1,0,0,0,1
no_pkce_rejected,26,no_pkce_rejected,1,0,0,0,0
no_pkce_rejected,27,no_pkce_rejected,1,0,0,0,1
no_pkce_rejected,28,no_pkce_rejected,1,0,0,0,1
no_pkce_rejected,29,no_pkce_rejected,1,0,0,0,0
no_pkce_rejected,3,no_pkce_rejected,1,0,0,0,1
no_pkce_rejected,30,no_pkce_rejected,1,0,0,0,1
no_pkce_rejected,31,no_pkce_rejected,1,0,0,0,1
no_pkce_rejected,32,no_pkce_rejected,1,0,0,0,0
no_pkce_rejected,33,no_pkce_rejected,1,0,0,0,1
no_pkce_rejected,34,no_pkce_rejected,1,0,0,0,1
no_pkce_rejected,35,no_pkce_rejected,1,0,0,0,1
no_pkce_rejected,36,no_pkce_rejected,1,0,0,0,1
no_pkce_rejected,37,no_pkce_rejected,1,0,0,0,1
no_pkce_rejected,38,no_pkce_rejected,1,0,0,0,1
no_pkce_rejected,39,no_pkce_rejected,1,0,0,0,1
no_pkce_rejected,4,no_pkce_rejected,1,0,0,0,0
no_pkce_rejected,40,no_pkce_rejected,1,0,0,0,0
no_pkce_rejected,41,no_pkce_rejected,1,0,0,0,1
no_pkce_rejected,42,no_pkce_rejected,1,0,0,0,1
no_pkce_rejected,43,no_pkce_rejected,1,0,0,0,1
no_pkce_rejected,44,no_pkce_rejected,1,0,0,0,1
no_pkce_rejected,45,no_pkce_rejected,1,0,0,0,1
no_pkce_rejected,46,no_pkce_rejected,1,0,0,0,1
no_pkce_rejected,47,no_pkce_rejected,1,0,0,0,0
no_pkce_rejected,48,no_pkce_rejected,1,0,0,0,0
no_pkce_rejected,49,no_pkce_rejected,1,0,0,0,0
no_pkce_rejected,5,no_pkce_rejected,1,0,0,0,1
no_pkce_rejected,50,no_pkce_rejected,1,0,0,0,1
no_pkce_rejected,51,no_pkce_rejected,1,0,0,0,1
no_pkce_rejected,52,no_pkce_rejected,1,0,0,0,1
no_pkce_rejected,53,no_pkce_rejected,1,0,0,0,1
no_pkce_rejected,54,no_pkce_rejected,1,0,0,0,1
no_pkce_rejected,55,no_pkce_rejected,1,0,0,0,0
no_pkce_rejected,56,no_pkce_rejected,1,0,0,0,0
no_pkce_rejected,57,no_pkce_rejected,1,0,0,0,1
no_pkce_rejected,58,no_pkce_rejected,1,0,0,0,0
no_pkce_rejected,59,no_pkce_rejected,1,0,0,0,1
no_pkce_rejected,6,no_pkce_rejected,1,0,0,0,1
no_pkce_rejected,60,no_pkce_rejected,1,0,0,0,0
no_pkce_rejected,61,no_pkce_rejected,1,0,0,0,1
no_pkce_rejected,62,no_pkce_rejected,1,0,0,0,0
no_pkce_rejected,63,no_pkce_rejected,1,0,0,0,1
no_pkce_rejected,64,no_pkce_rejected,1,0,0,0,0
no_pkce_rejected,65,no_pkce_rejected,1,0,0,0,1
no_pkce_rejected,66,no_pkce_rejected,1,0,0,0,1
no_pkce_rejected,67,no_pkce_rejected,1,0,0,0,1
no_pkce_rejected,68,no_pkce_rejected,1,0,0,0,1
no_pkce_rejected,69,no_pkce_rejected,1,0,0,0,0
no_pkce_rejected,7,no_pkce_rejected,1,0,0,0,1
no_pkce_rejected,70,no_pkce_rejected,1,0,0,0,0
no_pkce_rejected,71,no_pkce_rejected,1,0,0,0,1
no_pkce_rejected,72,no_pkce_rejected,1,0,0,0,1
no_pkce_rejected,73,no_pkce_rejected,1,0,0,0,1
no_pkce_rejected,74,no_pkce_rejected,1,0,0,0,0
no_pkce_rejected,75,no_pkce_rejected,1,0,0,0,0
no_pkce_rejected,76,no_pkce_rejected,1,0,0,0,1
no_pkce_rejected,77,no_pkce_rejected,1,0,0,0,1
no_pkce_rejected,78,no_pkce_rejected,1,0,0,0,1
no_pkce_rejected,79,no_pkce_rejected,1,0,0,0,1
no_pkce_rejected,8,no_pkce_rejected,1,0,0,0,1
no_pkce_rejected,80,no_pkce_rejected,1,0,0,0,1
no_pkce_rejected,81,no_pkce_rejected,1,0,0,0,1
no_pkce_rejected,82,no_pkce_rejected,1,0,0,0,0
no_pkce_rejected,83,no_pkce_rejected,1,0,0,0,1
no_pkce_rejected,84,no_pkce_rejected,1,0,0,0,0
no_pkce_rejected,85,no_pkce_rejected,1,0,0,0,0
no_pkce_rejected,86,no_pkce_rejected,1,0,0,0,1
no_pkce_rejected,87,no_pkce_rejected,1,0,0,0,1
no_pkce_rejected,88,no_pkce_rejected,1,0,0,0,1
no_pkce_rejected,89,no_pkce_rejected,1,0,0,0,1
no_pkce_rejected,9,no_pkce_rejected,1,0,0,0,0
no_pkce_rejected,90,no_pkce_rejected,1,0,0,0,1
no_pkce_rejected,91,no_pkce_rejected,1,0,0,0,1
no_pkce_rejected,92,no_pkce_rejected,1,0,0,0,0
no_pkce_rejected,93,no_pkce_rejected,1,0,0,0,1
no_pkce_rejected,94,no_pkce_rejected,1,0,0,0,0
no_pkce_rejected,95,no_pkce_rejected,1,0,0,0,0
no_pkce_rejected,96,no_pkce_rejected,1,0,0,0,1
no_pkce_rejected,97,no_pkce_rejected,1,0,0,0,1
no_pkce_rejected,98,no_pkce_rejected,1,0,0,0,1
no_pkce_rejected,99,no_pkce_rejected,1,0,0,0,1
normal,1,normal,0,0,0,0,0
normal,10,normal,0,0,0,0,0
normal,100,normal,0,0,0,0,0
normal,101,normal,0,0,0,0,0
normal,102,normal,0,0,0,0,0
normal,103,normal,0,0,0,0,0
normal,104,normal,0,0,0,0,0
normal,105,normal,0,0,0,0,0
normal,106,normal,0,0,0,0,0
normal,107,normal,0,0,0,0,0
normal,108,normal,0,0,0,0,0
normal,109,normal,0,0,0,0,0
normal,11,normal,0,0,0,0,0
normal,110,normal,0,0,0,0,0
normal,111,normal,0,0,0,0,0
normal,112,normal,0,0,0,0,0
normal,113,normal,0,0,0,0,0
normal,114,normal,0,0,0,0,0
normal,115,normal,0,0,0,0,0
normal,116,normal,0,0,0,0,0
normal,117,normal,0,0,0,0,0
normal,118,normal,0,0,0,0,0
normal,119,normal,0,0,0,0,0
normal,12,normal,0,0,0,0,0
normal,120,normal,0,0,0,0,0
normal,121,normal,0,0,0,0,0
normal,122,normal,0,0,0,0,0
normal,123,normal,0,0,0,0,0
normal,124,normal,0,0,0,0,0
normal,125,normal,0,0,0,0,0
normal,126,normal,0,0,0,0,0
normal,127,normal,0,0,0,0,0
normal,128,normal,0,0,0,0,0
normal,129,normal,0,0,0,0,0
normal,13,normal,0,0,0,0,0
normal,130,normal,0,0,0,0,0
normal,131,normal,0,0,0,0,0
normal,132,normal,0,0,0,0,0
normal,133,normal,0,0,0,0,0
normal,134,normal,0,0,0,0,0
normal,135,normal,0,0,0,0,0
normal,136,normal,0,0,0,0,0
normal,137,normal,0,0,0,0,0
normal,138,normal,0,0,0,0,0
normal,139,normal,0,0,0,0,0
normal,14,normal,0,0,0,0,0
normal,140,normal,0,0,0,0,0
normal,141,normal,0,0,0,0,0
normal,142,normal,0,0,0,0,0
normal,143,normal,0,0,0,0,0
normal,144,normal,0,0,0,0,0
normal,145,normal,0,0,0,0,0
normal,146,normal,0,0,0,0,0
normal,147,normal,0,0,0,0,0
normal,148,normal,0,0,0,0,0
normal,149,normal,0,0,0,0,0
normal,15,normal,0,0,0,0,0
normal,150,normal,0,0,0,0,0
normal,151,normal,0,0,0,0,0
normal,152,normal,0,0,0,0,0
normal,153,normal,0,0,0,0,0
normal,154,normal,0,0,0,0,0
normal,155,normal,0,0,0,0,0
normal,16,normal,0,0,0,0,0
normal,17,normal,0,0,0,0,0
normal,18,normal,0,0,0,0,0
normal,19,normal,0,0,0,0,0
normal,2,normal,0,0,0,0,0
normal,20,normal,0,0,0,0,0
normal,21,normal,0,0,0,0,0
normal,22,normal,0,0,0,0,0
normal,23,normal,0,0,0,0,0
normal,24,normal,0,0,0,0,0
normal,25,normal,0,0,0,0,0
normal,26,normal,0,0,0,0,0
normal,27,normal,0,0,0,0,0
normal,28,normal,0,0,0,0,0
normal,29,normal,0,0,0,0,0
normal,3,normal,0,0,0,0,0
normal,30,normal,0,0,0,0,0
normal,31,normal,0,0,0,0,0
normal,32,normal,0,0,0,0,0
normal,33,normal,0,0,0,0,0
normal,34,normal,0,0,0,0,0
normal,35,normal,0,0,0,0,0
normal,36,normal,0,0,0,0,0
normal,37,normal,0,0,0,0,0
normal,38,normal,0,0,0,0,0
normal,39,normal,0,0,0,0,0
normal,4,normal,0,0,0,0,0
normal,40,normal,0,0,0,0,0
normal,41,normal,0,0,0,0,0
normal,42,normal,0,0,0,0,0
normal,43,normal,0,0,0,0,0
normal,44,normal,0,0,0,0,0
normal,45,normal,0,0,0,0,0
normal,46,normal,0,0,0,0,0
normal,47,normal,0,0,0,0,0
normal,48,normal,0,0,0,0,0
normal,49,normal,0,0,0,0,0
normal,5,normal,0,0,0,0,0
normal,50,normal,0,0,0,0,0
normal,51,normal,0,0,0,0,0
normal,52,normal,0,0,0,0,0
normal,53,normal,0,0,0,0,0
normal,54,normal,0,0,0,0,0
normal,55,normal,0,0,0,0,0
normal,56,normal,0,0,0,0,0
normal,57,normal,0,0,0,0,0
normal,58,normal,0,0,0,0,0
normal,59,normal,0,0,0,0,0
normal,6,normal,0,0,0,0,0
normal,60,normal,0,0,0,0,0
normal,61,normal,0,0,0,0,0
normal,62,normal,0,0,0,0,0
normal,63,normal,0,0,0,0,0
normal,64,normal,0,0,0,0,0
normal,65,normal,0,0,0,0,0
normal,66,normal,0,0,0,0,0
normal,67,normal,0,0,0,0,0
normal,68,normal,0,0,0,0,0
normal,69,normal,0,0,0,0,0
normal,7,normal,0,0,0,0,0
normal,70,normal,0,0,0,0,0
normal,71,normal,0,0,0,0,0
normal,72,normal,0,0,0,0,0
normal,73,normal,0,0,0,0,0
normal,74,normal,0,0,0,0,0
normal,75,normal,0,0,0,0,0
normal,76,normal,0,0,0,0,0
normal,77,normal,0,0,0,0,0
normal,78,normal,0,0,0,0,0
normal,79,normal,0,0,0,0,0
normal,8,normal,0,0,0,0,0
normal,80,normal,0,0,0,0,0
normal,81,normal,0,0,0,0,0
normal,82,normal,0,0,0,0,0
normal,83,normal,0,0,0,0,0
normal,84,normal,0,0,0,0,0
normal,85,normal,0,0,0,0,0
normal,86,normal,0,0,0,0,0
normal,87,normal,0,0,0,0,0
normal,88,normal,0,0,0,0,0
normal,89,normal,0,0,0,0,0
normal,9,normal,0,0,0,0,0
normal,90,normal,0,0,0,0,0
normal,91,normal,0,0,0,0,0
normal,92,normal,0,0,0,0,0
normal,93,normal,0,0,0,0,0
normal,94,normal,0,0,0,0,0
normal,95,normal,0,0,0,0,0
normal,96,normal,0,0,0,0,0
normal,97,normal,0,0,0,0,0
normal,98,normal,0,0,0,0,0
normal,99,normal,0,0,0,0,0
pkce_downgrade,1,no_pkce_rejected,1,0,0,0,0
pkce_downgrade,10,pkce_downgrade,0,0,0,0,1
pkce_downgrade,100,no_pkce_rejected,1,0,0,0,1
pkce_downgrade,101,no_pkce_rejected,1,0,0,0,1
pkce_downgrade,102,pkce_downgrade,0,0,0,0,1
pkce_downgrade,103,no_pkce_rejected,1,0,0,0,1
pkce_downgrade,104,no_pkce_rejected,1,0,0,0,0
pkce_downgrade,105,no_pkce_rejected,1,0,0,0,1
pkce_downgrade,106,no_pkce_rejected,1,0,0,0,0
pkce_downgrade,107,pkce_downgrade,0,0,0,0,1
pkce_downgrade,108,no_pkce_rejected,1,0,0,0,0
pkce_downgrade,109,no_pkce_rejected,1,0,0,0,0
pkce_downgrade,11,pkce_downgrade,0,0,0,0,1
pkce_downgrade,110,no_pkce_rejected,1,0,0,0,1
pkce_downgrade,111,no_pkce_rejected,1,0,0,0,1
pkce_downgrade,112,no_pkce_rejected,1,0,0,0,0
pkce_downgrade,113,no_pkce_rejected,1,0,0,0,0
pkce_downgrade,114,no_pkce_rejected,1,0,0,0,0
pkce_downgrade,115,pkce_downgrade,0,0,0,0,1
pkce_downgrade,116,no_pkce_rejected,1,0,0,0,1
pkce_downgrade,117,no_pkce_rejected,1,0,0,0,1
pkce_downgrade,118,pkce_downgrade,0,0,0,0,1
pkce_downgrade,119,no_pkce_rejected,1,0,0,0,1
pkce_downgrade,12,no_pkce_rejected,1,0,0,0,1
pkce_downgrade,120,no_pkce_rejected,1,0,0,0,1
pkce_downgrade,121,pkce_downgrade,0,0,0,0,1
pkce_downgrade,122,no_pkce_rejected,1,0,0,0,0
pkce_downgrade,123,pkce_downgrade,0,0,0,0,1
pkce_downgrade,124,no_pkce_rejected,1,0,0,0,1
pkce_downgrade,125,no_pkce_rejected,1,0,0,0,0
pkce_downgrade,126,no_pkce_rejected,1,0,0,0,1
pkce_downgrade,127,pkce_downgrade,0,0,0,0,1
pkce_downgrade,128,no_pkce_rejected,1,0,0,0,1
pkce_downgrade,129,pkce_downgrade,0,0,0,0,1
pkce_downgrade,13,pkce_downgrade,0,0,0,0,1
pkce_downgrade,130,no_pkce_rejected,1,0,0,0,1
pkce_downgrade,131,pkce_downgrade,0,0,0,0,1
pkce_downgrade,132,no_pkce_rejected,1,0,0,0,0
pkce_downgrade,133,no_pkce_rejected,1,0,0,0,0
pkce_downgrade,134,no_pkce_rejected,1,0,0,0,1
pkce_downgrade,135,pkce_downgrade,0,0,0,0,1
pkce_downgrade,136,no_pkce_rejected,1,0,0,0,0
pkce_downgrade,137,pkce_downgrade,0,0,0,0,1
pkce_downgrade,138,pkce_downgrade,0,0,0,0,1
pkce_downgrade,139,pkce_downgrade,0,0,0,0,1
pkce_downgrade,14,pkce_downgrade,0,0,0,0,1
pkce_downgrade,140,pkce_downgrade,0,0,0,0,1
pkce_downgrade,141,pkce_downgrade,0,0,0,0,1
pkce_downgrade,142,no_pkce_rejected,1,0,0,0,1
pkce_downgrade,143,pkce_downgrade,0,0,0,0,1
pkce_downgrade,144,no_pkce_rejected,1,0,0,0,1
pkce_downgrade,145,no_pkce_rejected,1,0,0,0,0
pkce_downgrade,146,no_pkce_rejected,1,0,0,0,0
pkce_downgrade,147,pkce_downgrade,0,0,0,0,1
pkce_downgrade,148,no_pkce_rejected,1,0,0,0,1
pkce_downgrade,149,no_pkce_rejected,1,0,0,0,1
pkce_downgrade,15,pkce_downgrade,0,0,0,0,1
pkce_downgrade,150,pkce_downgrade,0,0,0,0,1
pkce_downgrade,151,pkce_downgrade,0,0,0,0,1
pkce_downgrade,152,pkce_downgrade,0,0,0,0,1
pkce_downgrade,153,pkce_downgrade,0,0,0,0,1
pkce_downgrade,154,pkce_downgrade,0,0,0,0,1
pkce_downgrade,155,no_pkce_rejected,1,0,0,0,1
pkce_downgrade,16,no_pkce_rejected,1,0,0,0,1
pkce_downgrade,17,no_pkce_rejected,1,0,0,0,0
pkce_downgrade,18,no_pkce_rejected,1,0,0,0,0
pkce_downgrade,19,pkce_downgrade,0,0,0,0,1
pkce_downgrade,2,no_pkce_rejected,1,0,0,0,1
pkce_downgrade,20,pkce_downgrade,0,0,0,0,1
pkce_downgrade,21,no_pkce_rejected,1,0,0,0,0
pkce_downgrade,22,no_pkce_rejected,1,0,0,0,1
pkce_downgrade,23,no_pkce_rejected,1,0,0,0,0
pkce_downgrade,24,no_pkce_rejected,1,0,0,0,0
pkce_downgrade,25,no_pkce_rejected,1,0,0,0,1
pkce_downgrade,26,pkce_downgrade,0,0,0,0,1
pkce_downgrade,27,no_pkce_rejected,1,0,0,0,0
pkce_downgrade,28,no_pkce_rejected,1,0,0,0,0
pkce_downgrade,29,no_pkce_rejected,1,0,0,0,0
pkce_downgrade,3,no_pkce_rejected,1,0,0,0,0
pkce_downgrade,30,pkce_downgrade,0,0,0,0,1
pkce_downgrade,31,pkce_downgrade,0,0,0,0,1
pkce_downgrade,32,no_pkce_rejected,1,0,0,0,1
pkce_downgrade,33,no_pkce_rejected,1,0,0,0,1
pkce_downgrade,34,pkce_downgrade,0,0,0,0,1
pkce_downgrade,35,pkce_downgrade,0,0,0,0,1
pkce_downgrade,36,pkce_downgrade,0,0,0,0,1
pkce_downgrade,37,pkce_downgrade,0,0,0,0,1
pkce_downgrade,38,pkce_downgrade,0,0,0,0,1
pkce_downgrade,39,pkce_downgrade,0,0,0,0,1
pkce_downgrade,4,no_pkce_rejected,1,0,0,0,1
pkce_downgrade,40,pkce_downgrade,0,0,0,0,1
pkce_downgrade,41,no_pkce_rejected,1,0,0,0,0
pkce_downgrade,42,no_pkce_rejected,1,0,0,0,0
pkce_downgrade,43,no_pkce_rejected,1,0,0,0,0
pkce_downgrade,44,no_pkce_rejected,1,0,0,0,0
pkce_downgrade,45,no_pkce_rejected,1,0,0,0,0
pkce_downgrade,46,no_pkce_rejected,1,0,0,0,0
pkce_downgrade,47,no_pkce_rejected,1,0,0,0,0
pkce_downgrade,48,no_pkce_rejected,1,0,0,0,0
pkce_downgrade,49,no_pkce_rejected,1,0,0,0,0
pkce_downgrade,5,no_pkce_rejected,1,0,0,0,1
pkce_downgrade,50,pkce_downgrade,0,0,0,0,1
pkce_downgrade,51,no_pkce_rejected,1,0,0,0,1
pkce_downgrade,52,pkce_downgrade,0,0,0,0,1
pkce_downgrade,53,no_pkce_rejected,1,0,0,0,0
pkce_downgrade,54,no_pkce_rejected,1,0,0,0,1
pkce_downgrade,55,no_pkce_rejected,1,0,0,0,1
pkce_downgrade,56,pkce_downgrade,0,0,0,0,1
pkce_downgrade,57,pkce_downgrade,0,0,0,0,1
pkce_downgrade,58,pkce_downgrade,0,0,0,0,1
pkce_downgrade,59,pkce_downgrade,0,0,0,0,1
pkce_downgrade,6,no_pkce_rejected,1,0,0,0,0
pkce_downgrade,60,no_pkce_rejected,1,0,0,0,1
pkce_downgrade,61,no_pkce_rejected,1,0,0,0,0
pkce_downgrade,62,no_pkce_rejected,1,0,0,0,1
pkce_downgrade,63,no_pkce_rejected,1,0,0,0,0
pkce_downgrade,64,pkce_downgrade,0,0,0,0,1
pkce_downgrade,65,no_pkce_rejected,1,0,0,0,1
pkce_downgrade,66,no_pkce_rejected,1,0,0,0,1
pkce_downgrade,67,no_pkce_rejected,1,0,0,0,0
pkce_downgrade,68,no_pkce_rejected,1,0,0,0,1
pkce_downgrade,69,no_pkce_rejected,1,0,0,0,1
pkce_downgrade,7,no_pkce_rejected,1,0,0,0,1
pkce_downgrade,70,no_pkce_rejected,1,0,0,0,0
pkce_downgrade,71,no_pkce_rejected,1,0,0,0,1
pkce_downgrade,72,no_pkce_rejected,1,0,0,0,1
pkce_downgrade,73,no_pkce_rejected,1,0,0,0,0
pkce_downgrade,74,no_pkce_rejected,1,0,0,0,0
pkce_downgrade,75,no_pkce_rejected,1,0,0,0,0
pkce_downgrade,76,no_pkce_rejected,1,0,0,0,1
pkce_downgrade,77,no_pkce_rejected,1,0,0,0,0
pkce_downgrade,78,no_pkce_rejected,1,0,0,0,0
pkce_downgrade,79,no_pkce_rejected,1,0,0,0,1
pkce_downgrade,8,no_pkce_rejected,1,0,0,0,0
pkce_downgrade,80,no_pkce_rejected,1,0,0,0,0
pkce_downgrade,81,pkce_downgrade,0,0,0,0,1
pkce_downgrade,82,pkce_downgrade,0,0,0,0,1
pkce_downgrade,83,no_pkce_rejected,1,0,0,0,1
pkce_downgrade,84,pkce_downgrade,0,0,0,0,1
pkce_downgrade,85,no_pkce_rejected,1,0,0,0,0
pkce_downgrade,86,pkce_downgrade,0,0,0,0,1
pkce_downgrade,87,pkce_downgrade,0,0,0,0,1
pkce_downgrade,88,no_pkce_rejected,1,0,0,0,0
pkce_downgrade,89,no_pkce_rejected,1,0,0,0,1
pkce_downgrade,9,no_pkce_rejected,1,0,0,0,0
pkce_downgrade,90,no_pkce_rejected,1,0,0,0,0
pkce_downgrade,91,no_pkce_rejected,1,0,0,0,1
pkce_downgrade,92,no_pkce_rejected,1,0,0,0,1
pkce_downgrade,93,no_pkce_rejected,1,0,0,0,0
pkce_downgrade,94,pkce_downgrade,0,0,0,0,1
pkce_downgrade,95,no_pkce_rejected,1,0,0,0,1
pkce_downgrade,96,no_pkce_rejected,1,0,0,0,1
pkce_downgrade,97,no_pkce_rejected,1,0,0,0,1
pkce_downgrade,98,pkce_downgrade,0,0,0,0,1
pkce_downgrade,99,no_pkce_rejected,1,0,0,0,1
redirect_flaw_misconfig,1,redirect_flaw_strict,0,1,0,0,1
redirect_flaw_misconfig,10,redirect_flaw_strict,0,1,0,0,1
redirect_flaw_misconfig,100,redirect_flaw_strict,0,1,0,0,1
redirect_flaw_misconfig,101,redirect_flaw_strict,0,1,0,0,1
redirect_flaw_misconfig,102,redirect_flaw_strict,0,1,0,0,1
redirect_flaw_misconfig,103,redirect_flaw_strict,0,1,0,0,1
redirect_flaw_misconfig,104,redirect_flaw_strict,0,1,0,0,1
redirect_flaw_misconfig,105,redirect_flaw_strict,0,1,0,0,1
redirect_flaw_misconfig,106,redirect_flaw_strict,0,1,0,0,1
redirect_flaw_misconfig,107,redirect_flaw_strict,0,1,0,0,1
redirect_flaw_misconfig,108,redirect_flaw_strict,0,1,0,0,1
redirect_flaw_misconfig,109,redirect_flaw_strict,0,1,0,0,1
redirect_flaw_misconfig,11,redirect_flaw_strict,0,1,0,0,1
redirect_flaw_misconfig,110,redirect_flaw_strict,0,1,0,0,1
redirect_flaw_misconfig,111,redirect_flaw_strict,0,1,0,0,1
redirect_flaw_misconfig,112,redirect_flaw_strict,0,1,0,0,1
redirect_flaw_misconfig,113,redirect_flaw_strict,0,1,0,0,1
redirect_flaw_misconfig,114,redirect_flaw_strict,0,1,0,0,1
redirect_flaw_misconfig,115,redirect_flaw_strict,0,1,0,0,1
redirect_flaw_misconfig,116,redirect_flaw_strict,0,1,0,0,1
redirect_flaw_misconfig,117,redirect_flaw_strict,0,1,0,0,1
redirect_flaw_misconfig,118,redirect_flaw_strict,0,1,0,0,1
redirect_flaw_misconfig,119,redirect_flaw_strict,0,1,0,0,1
redirect_flaw_misconfig,12,redirect_flaw_strict,0,1,0,0,1
redirect_flaw_misconfig,120,redirect_flaw_strict,0,1,0,0,1
redirect_flaw_misconfig,121,redirect_flaw_strict,0,1,0,0,1
redirect_flaw_misconfig,122,redirect_flaw_strict,0,1,0,0,1
redirect_flaw_misconfig,123,redirect_flaw_strict,0,1,0,0,1
redirect_flaw_misconfig,124,redirect_flaw_strict,0,1,0,0,1
redirect_flaw_misconfig,125,redirect_flaw_strict,0,1,0,0,1
redirect_flaw_misconfig,126,redirect_flaw_strict,0,1,0,0,1
redirect_flaw_misconfig,127,redirect_flaw_strict,0,1,0,0,1
redirect_flaw_misconfig,128,redirect_flaw_strict,0,1,0,0,1
redirect_flaw_misconfig,129,redirect_flaw_strict,0,1,0,0,1
redirect_flaw_misconfig,13,redirect_flaw_strict,0,1,0,0,1
redirect_flaw_misconfig,130,redirect_flaw_strict,0,1,0,0,1
redirect_flaw_misconfig,131,redirect_flaw_strict,0,1,0,0,1
redirect_flaw_misconfig,132,redirect_flaw_strict,0,1,0,0,1
redirect_flaw_misconfig,133,redirect_flaw_strict,0,1,0,0,1
redirect_flaw_misconfig,134,redirect_flaw_strict,0,1,0,0,1
redirect_flaw_misconfig,135,redirect_flaw_strict,0,1,0,0,1
redirect_flaw_misconfig,136,redirect_flaw_strict,0,1,0,0,1
redirect_flaw_misconfig,137,redirect_flaw_strict,0,1,0,0,1
redirect_flaw_misconfig,138,redirect_flaw_strict,0,1,0,0,1
redirect_flaw_misconfig,139,redirect_flaw_strict,0,1,0,0,1
redirect_flaw_misconfig,14,redirect_flaw_strict,0,1,0,0,1
redirect_flaw_misconfig,140,redirect_flaw_strict,0,1,0,0,1
redirect_flaw_misconfig,141,redirect_flaw_strict,0,1,0,0,1
redirect_flaw_misconfig,142,redirect_flaw_strict,0,1,0,0,1
redirect_flaw_misconfig,143,redirect_flaw_strict,0,1,0,0,1
redirect_flaw_misconfig,144,redirect_flaw_strict,0,1,0,0,1
redirect_flaw_misconfig,145,redirect_flaw_strict,0,1,0,0,1
redirect_flaw_misconfig,146,redirect_flaw_strict,0,1,0,0,1
redirect_flaw_misconfig,147,redirect_flaw_strict,0,1,0,0,1
redirect_flaw_misconfig,148,redirect_flaw_strict,0,1,0,0,1
redirect_flaw_misconfig,149,redirect_flaw_strict,0,1,0,0,1
redirect_flaw_misconfig,15,redirect_flaw_strict,0,1,0,0,1
redirect_flaw_misconfig,150,redirect_flaw_strict,0,1,0,0,1
redirect_flaw_misconfig,151,redirect_flaw_strict,0,1,0,0,1
redirect_flaw_misconfig,152,redirect_flaw_strict,0,1,0,0,1
redirect_flaw_misconfig,153,redirect_flaw_strict,0,1,0,0,1
redirect_flaw_misconfig,154,redirect_flaw_strict,0,1,0,0,1
redirect_flaw_misconfig,155,redirect_flaw_strict,0,1,0,0,1
redirect_flaw_misconfig,16,redirect_flaw_strict,0,1,0,0,1
redirect_flaw_misconfig,17,redirect_flaw_strict,0,1,0,0,1
redirect_flaw_misconfig,18,redirect_flaw_strict,0,1,0,0,1
redirect_flaw_misconfig,19,redirect_flaw_strict,0,1,0,0,1
redirect_flaw_misconfig,2,redirect_flaw_strict,0,1,0,0,1
redirect_flaw_misconfig,20,redirect_flaw_strict,0,1,0,0,1
redirect_flaw_misconfig,21,redirect_flaw_strict,0,1,0,0,1
redirect_flaw_misconfig,22,redirect_flaw_strict,0,1,0,0,1
redirect_flaw_misconfig,23,redirect_flaw_strict,0,1,0,0,1
redirect_flaw_misconfig,24,redirect_flaw_strict,0,1,0,0,1
redirect_flaw_misconfig,25,redirect_flaw_strict,0,1,0,0,1
redirect_flaw_misconfig,26,redirect_flaw_strict,0,1,0,0,1
redirect_flaw_misconfig,27,redirect_flaw_strict,0,1,0,0,1
redirect_flaw_misconfig,28,redirect_flaw_strict,0,1,0,0,1
redirect_flaw_misconfig,29,redirect_flaw_strict,0,1,0,0,1
redirect_flaw_misconfig,3,redirect_flaw_strict,0,1,0,0,1
redirect_flaw_misconfig,30,redirect_flaw_strict,0,1,0,0,1
redirect_flaw_misconfig,31,redirect_flaw_strict,0,1,0,0,1
redirect_flaw_misconfig,32,redirect_flaw_strict,0,1,0,0,1
redirect_flaw_misconfig,33,redirect_flaw_strict,0,1,0,0,1
redirect_flaw_misconfig,34,redirect_flaw_strict,0,1,0,0,1
redirect_flaw_misconfig,35,redirect_flaw_strict,0,1,0,0,1
redirect_flaw_misconfig,36,redirect_flaw_strict,0,1,0,0,1
redirect_flaw_misconfig,37,redirect_flaw_strict,0,1,0,0,1
redirect_flaw_misconfig,38,redirect_flaw_strict,0,1,0,0,1
redirect_flaw_misconfig,39,redirect_flaw_strict,0,1,0,0,1
redirect_flaw_misconfig,4,redirect_flaw_strict,0,1,0,0,1
redirect_flaw_misconfig,40,redirect_flaw_strict,0,1,0,0,1
redirect_flaw_misconfig,41,redirect_flaw_strict,0,1,0,0,1
redirect_flaw_misconfig,42,redirect_flaw_strict,0,1,0,0,1
redirect_flaw_misconfig,43,redirect_flaw_strict,0,1,0,0,1
redirect_flaw_misconfig,44,redirect_flaw_strict,0,1,0,0,1
redirect_flaw_misconfig,45,redirect_flaw_strict,0,1,0,0,1
redirect_flaw_misconfig,46,redirect_flaw_strict,0,1,0,0,1
redirect_flaw_misconfig,47,redirect_flaw_strict,0,1,0,0,1
redirect_flaw_misconfig,48,redirect_flaw_strict,0,1,0,0,1
redirect_flaw_misconfig,49,redirect_flaw_strict,0,1,0,0,1
redirect_flaw_misconfig,5,redirect_flaw_strict,0,1,0,0,1
redirect_flaw_misconfig,50,redirect_flaw_strict,0,1,0,0,1
redirect_flaw_misconfig,51,redirect_flaw_strict,0,1,0,0,1
redirect_flaw_misconfig,52,redirect_flaw_strict,0,1,0,0,1
redirect_flaw_misconfig,53,redirect_flaw_strict,0,1,0,0,1
redirect_flaw_misconfig,54,redirect_flaw_strict,0,1,0,0,1
redirect_flaw_misconfig,55,redirect_flaw_strict,0,1,0,0,1
redirect_flaw_misconfig,56,redirect_flaw_strict,0,1,0,0,1
redirect_flaw_misconfig,57,redirect_flaw_strict,0,1,0,0,1
redirect_flaw_misconfig,58,redirect_flaw_strict,0,1,0,0,1
redirect_flaw_misconfig,59,redirect_flaw_strict,0,1,0,0,1
redirect_flaw_misconfig,6,redirect_flaw_strict,0,1,0,0,1
redirect_flaw_misconfig,60,redirect_flaw_strict,0,1,0,0,1
redirect_flaw_misconfig,61,redirect_flaw_strict,0,1,0,0,1
redirect_flaw_misconfig,62,redirect_flaw_strict,0,1,0,0,1
redirect_flaw_misconfig,63,redirect_flaw_strict,0,1,0,0,1
redirect_flaw_misconfig,64,redirect_flaw_strict,0,1,0,0,1
redirect_flaw_misconfig,65,redirect_flaw_strict,0,1,0,0,1
redirect_flaw_misconfig,66,redirect_flaw_strict,0,1,0,0,1
redirect_flaw_misconfig,67,redirect_flaw_strict,0,1,0,0,1
redirect_flaw_misconfig,68,redirect_flaw_strict,0,1,0,0,1
redirect_flaw_misconfig,69,redirect_flaw_strict,0,1,0,0,1
redirect_flaw_misconfig,7,redirect_flaw_strict,0,1,0,0,1
redirect_flaw_misconfig,70,redirect_flaw_strict,0,1,0,0,1
redirect_flaw_misconfig,71,redirect_flaw_strict,0,1,0,0,1
redirect_flaw_misconfig,72,redirect_flaw_strict,0,1,0,0,1
redirect_flaw_misconfig,73,redirect_flaw_strict,0,1,0,0,1
redirect_flaw_misconfig,74,redirect_flaw_strict,0,1,0,0,1
redirect_flaw_misconfig,75,redirect_flaw_strict,0,1,0,0,1
redirect_flaw_misconfig,76,redirect_flaw_strict,0,1,0,0,1
redirect_flaw_misconfig,77,redirect_flaw_strict,0,1,0,0,1
redirect_flaw_misconfig,78,redirect_flaw_strict,0,1,0,0,1
redirect_flaw_misconfig,79,redirect_flaw_strict,0,1,0,0,1
redirect_flaw_misconfig,8,redirect_flaw_strict,0,1,0,0,1
redirect_flaw_misconfig,80,redirect_flaw_strict,0,1,0,0,1
redirect_flaw_misconfig,81,redirect_flaw_strict,0,1,0,0,1
redirect_flaw_misconfig,82,redirect_flaw_strict,0,1,0,0,1
redirect_flaw_misconfig,83,redirect_flaw_strict,0,1,0,0,1
redirect_flaw_misconfig,84,redirect_flaw_strict,0,1,0,0,1
redirect_flaw_misconfig,85,redirect_flaw_strict,0,1,0,0,1
redirect_flaw_misconfig,86,redirect_flaw_strict,0,1,0,0,1
redirect_flaw_misconfig,87,redirect_flaw_strict,0,1,0,0,1
redirect_flaw_misconfig,88,redirect_flaw_strict,0,1,0,0,1
redirect_flaw_misconfig,89,redirect_flaw_strict,0,1,0,0,1
redirect_flaw_misconfig,9,redirect_flaw_strict,0,1,0,0,1
redirect_flaw_misconfig,90,redirect_flaw_strict,0,1,0,0,1
redirect_flaw_misconfig,91,redirect_flaw_strict,0,1,0,0,1
redirect_flaw_misconfig,92,redirect_flaw_strict,0,1,0,0,1
redirect_flaw_misconfig,93,redirect_flaw_strict,0,1,0,0,1
redirect_flaw_misconfig,94,redirect_flaw_strict,0,1,0,0,1
redirect_flaw_misconfig,95,redirect_flaw_strict,0,1,0,0,1
redirect_flaw_misconfig,96,redirect_flaw_strict,0,1,0,0,1
redirect_flaw_misconfig,97,redirect_flaw_strict,0,1,0,0,1
redirect_flaw_misconfig,98,redirect_flaw_strict,0,1,0,0,1
redirect_flaw_misconfig,99,redirect_flaw_strict,0,1,0,0,1
redirect_flaw_strict,1,redirect_flaw_strict,0,1,0,1,1
redirect_flaw_strict,10,redirect_flaw_strict,0,1,0,1,1
redirect_flaw_strict,100,redirect_flaw_strict,0,1,0,1,1
redirect_flaw_strict,101,redirect_flaw_strict,0,1,0,1,1
redirect_flaw_strict,102,redirect_flaw_strict,0,1,0,1,1
redirect_flaw_strict,103,redirect_flaw_strict,0,1,0,1,1
redirect_flaw_strict,104,redirect_flaw_strict,0,1,0,1,1
redirect_flaw_strict,105,redirect_flaw_strict,0,1,0,1,1
redirect_flaw_strict,106,redirect_flaw_strict,0,1,0,1,1
redirect_flaw_strict,107,redirect_flaw_strict,0,1,0,1,1
redirect_flaw_strict,108,redirect_flaw_strict,0,1,0,1,1
redirect_flaw_strict,109,redirect_flaw_strict,0,1,0,1,1
redirect_flaw_strict,11,redirect_flaw_strict,0,1,0,1,1
redirect_flaw_strict,110,redirect_flaw_strict,0,1,0,1,1
redirect_flaw_strict,111,redirect_flaw_strict,0,1,0,1,1
redirect_flaw_strict,112,redirect_flaw_strict,0,1,0,1,1
redirect_flaw_strict,113,redirect_flaw_strict,0,1,0,1,1
redirect_flaw_strict,114,redirect_flaw_strict,0,1,0,1,1
redirect_flaw_strict,115,redirect_flaw_strict,0,1,0,1,1
redirect_flaw_strict,116,redirect_flaw_strict,0,1,0,1,1
redirect_flaw_strict,117,redirect_flaw_strict,0,1,0,1,1
redirect_flaw_strict,118,redirect_flaw_strict,0,1,0,1,1
redirect_flaw_strict,119,redirect_flaw_strict,0,1,0,1,1
redirect_flaw_strict,12,redirect_flaw_strict,0,1,0,1,1
redirect_flaw_strict,120,redirect_flaw_strict,0,1,0,1,1
redirect_flaw_strict,121,redirect_flaw_strict,0,1,0,1,1
redirect_flaw_strict,122,redirect_flaw_strict,0,1,0,1,1
redirect_flaw_strict,123,redirect_flaw_strict,0,1,0,1,1
redirect_flaw_strict,124,redirect_flaw_strict,0,1,0,1,1
redirect_flaw_strict,125,redirect_flaw_strict,0,1,0,1,1
redirect_flaw_strict,126,redirect_flaw_strict,0,1,0,1,1
redirect_flaw_strict,127,redirect_flaw_strict,0,1,0,1,1
redirect_flaw_strict,128,redirect_flaw_strict,0,1,0,1,1
redirect_flaw_strict,129,redirect_flaw_strict,0,1,0,1,1
redirect_flaw_strict,13,redirect_flaw_strict,0,1,0,1,1
redirect_flaw_strict,130,redirect_flaw_strict,0,1,0,1,1
redirect_flaw_strict,131,redirect_flaw_strict,0,1,0,1,1
redirect_flaw_strict,132,redirect_flaw_strict,0,1,0,1,1
redirect_flaw_strict,133,redirect_flaw_strict,0,1,0,1,1
redirect_flaw_strict,134,redirect_flaw_strict,0,1,0,1,1
redirect_flaw_strict,135,redirect_flaw_strict,0,1,0,1,1
redirect_flaw_strict,136,redirect_flaw_strict,0,1,0,1,1
redirect_flaw_strict,137,redirect_flaw_strict,0,1,0,1,1
redirect_flaw_strict,138,redirect_flaw_strict,0,1,0,1,1
redirect_flaw_strict,139,redirect_flaw_strict,0,1,0,1,1
redirect_flaw_strict,14,redirect_flaw_strict,0,1,0,1,1
redirect_flaw_strict,140,redirect_flaw_strict,0,1,0,1,1
redirect_flaw_strict,141,redirect_flaw_strict,0,1,0,1,1
redirect_flaw_strict,142,redirect_flaw_strict,0,1,0,1,1
redirect_flaw_strict,143,redirect_flaw_strict,0,1,0,1,1
redirect_flaw_strict,144,redirect_flaw_strict,0,1,0,1,1
redirect_flaw_strict,145,redirect_flaw_strict,0,1,0,1,1
redirect_flaw_strict,146,redirect_flaw_strict,0,1,0,1,1
redirect_flaw_strict,147,redirect_flaw_strict,0,1,0,1,1
redirect_flaw_strict,148,redirect_flaw_strict,0,1,0,1,1
redirect_flaw_strict,149,redirect_flaw_strict,0,1,0,1,1
redirect_flaw_strict,15,redirect_flaw_strict,0,1,0,1,1
redirect_flaw_strict,150,redirect_flaw_strict,0,1,0,1,1
redirect_flaw_strict,151,redirect_flaw_strict,0,1,0,1,1
redirect_flaw_strict,152,redirect_flaw_strict,0,1,0,1,1
redirect_flaw_strict,153,redirect_flaw_strict,0,1,0,1,1
redirect_flaw_strict,154,redirect_flaw_strict,0,1,0,1,1
redirect_flaw_strict,155,redirect_flaw_strict,0,1,0,1,1
redirect_flaw_strict,16,redirect_flaw_strict,0,1,0,1,1
redirect_flaw_strict,17,redirect_flaw_strict,0,1,0,1,1
redirect_flaw_strict,18,redirect_flaw_strict,0,1,0,1,1
redirect_flaw_strict,19,redirect_flaw_strict,0,1,0,1,1
redirect_flaw_strict,2,redirect_flaw_strict,0,1,0,1,1
redirect_flaw_strict,20,redirect_flaw_strict,0,1,0,1,1
redirect_flaw_strict,21,redirect_flaw_strict,0,1,0,1,1
redirect_flaw_strict,22,redirect_flaw_strict,0,1,0,1,1
redirect_flaw_strict,23,redirect_flaw_strict,0,1,0,1,1
redirect_flaw_strict,24,redirect_flaw_strict,0,1,0,1,1
redirect_flaw_strict,25,redirect_flaw_strict,0,1,0,1,1
redirect_flaw_strict,26,redirect_flaw_strict,0,1,0,1,1
redirect_flaw_strict,27,redirect_flaw_strict,0,1,0,1,1
redirect_flaw_strict,28,redirect_flaw_strict,0,1,0,1,1
redirect_flaw_strict,29,redirect_flaw_strict,0,1,0,1,1
redirect_flaw_strict,3,redirect_flaw_strict,0,1,0,1,1
redirect_flaw_strict,30,redirect_flaw_strict,0,1,0,1,1
redirect_flaw_strict,31,redirect_flaw_strict,0,1,0,1,1
redirect_flaw_strict,32,redirect_flaw_strict,0,1,0,1,1
redirect_flaw_strict,33,redirect_flaw_strict,0,1,0,1,1
redirect_flaw_strict,34,redirect_flaw_strict,0,1,0,1,1
redirect_flaw_strict,35,redirect_flaw_strict,0,1,0,1,1
redirect_flaw_strict,36,redirect_flaw_strict,0,1,0,1,1
redirect_flaw_strict,37,redirect_flaw_strict,0,1,0,1,1
redirect_flaw_strict,38,redirect_flaw_strict,0,1,0,1,1
redirect_flaw_strict,39,redirect_flaw_strict,0,1,0,1,1
redirect_flaw_strict,4,redirect_flaw_strict,0,1,0,1,1
redirect_flaw_strict,40,redirect_flaw_strict,0,1,0,1,1
redirect_flaw_strict,41,redirect_flaw_strict,0,1,0,1,1
redirect_flaw_strict,42,redirect_flaw_strict,0,1,0,1,1
redirect_flaw_strict,43,redirect_flaw_strict,0,1,0,1,1
redirect_flaw_strict,44,redirect_flaw_strict,0,1,0,1,1
redirect_flaw_strict,45,redirect_flaw_strict,0,1,0,1,1
redirect_flaw_strict,46,redirect_flaw_strict,0,1,0,1,1
redirect_flaw_strict,47,redirect_flaw_strict,0,1,0,1,1
redirect_flaw_strict,48,redirect_flaw_strict,0,1,0,1,1
redirect_flaw_strict,49,redirect_flaw_strict,0,1,0,1,1
redirect_flaw_strict,5,redirect_flaw_strict,0,1,0,1,1
redirect_flaw_strict,50,redirect_flaw_strict,0,1,0,1,1
redirect_flaw_strict,51,redirect_flaw_strict,0,1,0,1,1
redirect_flaw_strict,52,redirect_flaw_strict,0,1,0,1,1
redirect_flaw_strict,53,redirect_flaw_strict,0,1,0,1,1
redirect_flaw_strict,54,redirect_flaw_strict,0,1,0,1,1
redirect_flaw_strict,55,redirect_flaw_strict,0,1,0,1,1
redirect_flaw_strict,56,redirect_flaw_strict,0,1,0,1,1
redirect_flaw_strict,57,redirect_flaw_strict,0,1,0,1,1
redirect_flaw_strict,58,redirect_flaw_strict,0,1,0,1,1
redirect_flaw_strict,59,redirect_flaw_strict,0,1,0,1,1
redirect_flaw_strict,6,redirect_flaw_strict,0,1,0,1,1
redirect_flaw_strict,60,redirect_flaw_strict,0,1,0,1,1
redirect_flaw_strict,61,redirect_flaw_strict,0,1,0,1,1
redirect_flaw_strict,62,redirect_flaw_strict,0,1,0,1,1
redirect_flaw_strict,63,redirect_flaw_strict,0,1,0,1,1
redirect_flaw_strict,64,redirect_flaw_strict,0,1,0,1,1
redirect_flaw_strict,65,redirect_flaw_strict,0,1,0,1,1
redirect_flaw_strict,66,redirect_flaw_strict,0,1,0,1,1
redirect_flaw_strict,67,redirect_flaw_strict,0,1,0,1,1
redirect_flaw_strict,68,redirect_flaw_strict,0,1,0,1,1
redirect_flaw_strict,69,redirect_flaw_strict,0,1,0,1,1
redirect_flaw_strict,7,redirect_flaw_strict,0,1,0,1,1
redirect_flaw_strict,70,redirect_flaw_strict,0,1,0,1,1
redirect_flaw_strict,71,redirect_flaw_strict,0,1,0,1,1
redirect_flaw_strict,72,redirect_flaw_strict,0,1,0,1,1
redirect_flaw_strict,73,redirect_flaw_strict,0,1,0,1,1
redirect_flaw_strict,74,redirect_flaw_strict,0,1,0,1,1
redirect_flaw_strict,75,redirect_flaw_strict,0,1,0,1,1
redirect_flaw_strict,76,redirect_flaw_strict,0,1,0,1,1
redirect_flaw_strict,77,redirect_flaw_strict,0,1,0,1,1
redirect_flaw_strict,78,redirect_flaw_strict,0,1,0,1,1
redirect_flaw_strict,79,redirect_flaw_strict,0,1,0,1,1
redirect_flaw_strict,8,redirect_flaw_strict,0,1,0,1,1
redirect_flaw_strict,80,redirect_flaw_strict,0,1,0,1,1
redirect_flaw_strict,81,redirect_flaw_strict,0,1,0,1,1
redirect_flaw_strict,82,redirect_flaw_strict,0,1,0,1,1
redirect_flaw_strict,83,redirect_flaw_strict,0,1,0,1,1
redirect_flaw_strict,84,redirect_flaw_strict,0,1,0,1,1
redirect_flaw_strict,85,redirect_flaw_strict,0,1,0,1,1
redirect_flaw_strict,86,redirect_flaw_strict,0,1,0,1,1
redirect_flaw_strict,87,redirect_flaw_strict,0,1,0,1,1
redirect_flaw_strict,88,redirect_flaw_strict,0,1,0,1,1
redirect_flaw_strict,89,redirect_flaw_strict,0,1,0,1,1
redirect_flaw_strict,9,redirect_flaw_strict,0,1,0,1,1
redirect_flaw_strict,90,redirect_flaw_strict,0,1,0,1,1
redirect_flaw_strict,91,redirect_flaw_strict,0,1,0,1,1
redirect_flaw_strict,92,redirect_flaw_strict,0,1,0,1,1
redirect_flaw_strict,93,redirect_flaw_strict,0,1,0,1,1
redirect_flaw_strict,94,redirect_flaw_strict,0,1,0,1,1
redirect_flaw_strict,95,redirect_flaw_strict,0,1,0,1,1
redirect_flaw_strict,96,redirect_flaw_strict,0,1,0,1,1
redirect_flaw_strict,97,redirect_flaw_strict,0,1,0,1,1
redirect_flaw_strict,98,redirect_flaw_strict,0,1,0,1,1
redirect_flaw_strict,99,redirect_flaw_strict,0,1,0,1,1
refresh_misuse_rejected,1,refresh_misuse_rejected,0,0,1,0,0
refresh_misuse_rejected,10,refresh_misuse_rejected,0,0,1,0,0
refresh_misuse_rejected,100,refresh_misuse_rejected,0,0,1,0,0
refresh_misuse_rejected,101,refresh_misuse_rejected,0,0,1,0,0
refresh_misuse_rejected,102,refresh_misuse_rejected,0,0,1,0,0
refresh_misuse_rejected,103,refresh_misuse_rejected,0,0,1,0,0
refresh_misuse_rejected,104,refresh_misuse_rejected,0,0,1,0,0
refresh_misuse_rejected,105,refresh_misuse_rejected,0,0,1,0,0
refresh_misuse_rejected,106,refresh_misuse_rejected,0,0,1,0,0
refresh_misuse_rejected,107,refresh_misuse_rejected,0,0,1,0,0
refresh_misuse_rejected,108,refresh_misuse_rejected,0,0,1,0,0
refresh_misuse_rejected,109,refresh_misuse_rejected,0,0,1,0,0
refresh_misuse_rejected,11,refresh_misuse_rejected,0,0,1,0,0
refresh_misuse_rejected,110,refresh_misuse_rejected,0,0,1,0,0
refresh_misuse_rejected,111,refresh_misuse_rejected,0,0,1,0,0
refresh_misuse_rejected,112,refresh_misuse_rejected,0,0,1,0,0
refresh_misuse_rejected,113,refresh_misuse_rejected,0,0,1,0,0
refresh_misuse_rejected,114,refresh_misuse_rejected,0,0,1,0,0
refresh_misuse_rejected,115,refresh_misuse_rejected,0,0,1,0,0
refresh_misuse_rejected,116,refresh_misuse_rejected,0,0,1,0,0
refresh_misuse_rejected,117,refresh_misuse_rejected,0,0,1,0,0
refresh_misuse_rejected,118,refresh_misuse_rejected,0,0,1,0,0
refresh_misuse_rejected,119,refresh_misuse_rejected,0,0,1,0,0
refresh_misuse_rejected,12,refresh_misuse_rejected,0,0,1,0,0
refresh_misuse_rejected,120,refresh_misuse_rejected,0,0,1,0,0
refresh_misuse_rejected,121,refresh_misuse_rejected,0,0,1,0,0
refresh_misuse_rejected,122,refresh_misuse_rejected,0,0,1,0,0
refresh_misuse_rejected,123,refresh_misuse_rejected,0,0,1,0,0
refresh_misuse_rejected,124,refresh_misuse_rejected,0,0,1,0,0
refresh_misuse_rejected,125,refresh_misuse_rejected,0,0,1,0,0
refresh_misuse_rejected,126,refresh_misuse_rejected,0,0,1,0,0
refresh_misuse_rejected,127,refresh_misuse_rejected,0,0,1,0,0
refresh_misuse_rejected,128,refresh_misuse_rejected,0,0,1,0,0
refresh_misuse_rejected,129,refresh_misuse_rejected,0,0,1,0,0
refresh_misuse_rejected,13,refresh_misuse_rejected,0,0,1,0,0
refresh_misuse_rejected,130,refresh_misuse_rejected,0,0,1,0,0
refresh_misuse_rejected,131,refresh_misuse_rejected,0,0,1,0,0
refresh_misuse_rejected,132,refresh_misuse_rejected,0,0,1,0,0
refresh_misuse_rejected,133,refresh_misuse_rejected,0,0,1,0,0
refresh_misuse_rejected,134,refresh_misuse_rejected,0,0,1,0,0
refresh_misuse_rejected,135,refresh_misuse_rejected,0,0,1,0,0
refresh_misuse_rejected,136,refresh_misuse_rejected,0,0,1,0,0
refresh_misuse_rejected,137,refresh_misuse_rejected,0,0,1,0,0
refresh_misuse_rejected,138,refresh_misuse_rejected,0,0,1,0,0
refresh_misuse_rejected,139,refresh_misuse_rejected,0,0,1,0,0
refresh_misuse_rejected,14,refresh_misuse_rejected,0,0,1,0,0
refresh_misuse_rejected,140,refresh_misuse_rejected,0,0,1,0,0
refresh_misuse_rejected,141,refresh_misuse_rejected,0,0,1,0,0
refresh_misuse_rejected,142,refresh_misuse_rejected,0,0,1,0,0
refresh_misuse_rejected,143,refresh_misuse_rejected,0,0,1,0,0
refresh_misuse_rejected,144,refresh_misuse_rejected,0,0,1,0,0
refresh_misuse_rejected,145,refresh_misuse_rejected,0,0,1,0,0
refresh_misuse_rejected,146,refresh_misuse_rejected,0,0,1,0,0
refresh_misuse_rejected,147,refresh_misuse_rejected,0,0,1,0,0
refresh_misuse_rejected,148,refresh_misuse_rejected,0,0,1,0,0
refresh_misuse_rejected,149,refresh_misuse_rejected,0,0,1,0,0
refresh_misuse_rejected,15,refresh_misuse_rejected,0,0,1,0,0
refresh_misuse_rejected,150,refresh_misuse_rejected,0,0,1,0,0
refresh_misuse_rejected,151,refresh_misuse_rejected,0,0,1,0,0
refresh_misuse_rejected,152,refresh_misuse_rejected,0,0,1,0,0
refresh_misuse_rejected,153,refresh_misuse_rejected,0,0,1,0,0
refresh_misuse_rejected,154,refresh_misuse_rejected,0,0,1,0,0
refresh_misuse_rejected,155,refresh_misuse_rejected,0,0,1,0,0
refresh_misuse_rejected,16,refresh_misuse_rejected,0,0,1,0,0
refresh_misuse_rejected,17,refresh_misuse_rejected,0,0,1,0,0
refresh_misuse_rejected,18,refresh_misuse_rejected,0,0,1,0,0
refresh_misuse_rejected,19,refresh_misuse_rejected,0,0,1,0,0
refresh_misuse_rejected,2,refresh_misuse_rejected,0,0,1,0,0
refresh_misuse_rejected,20,refresh_misuse_rejected,0,0,1,0,0
refresh_misuse_rejected,21,refresh_misuse_rejected,0,0,1,0,0
refresh_misuse_rejected,22,refresh_misuse_rejected,0,0,1,0,0
refresh_misuse_rejected,23,refresh_misuse_rejected,0,0,1,0,0
refresh_misuse_rejected,24,refresh_misuse_rejected,0,0,1,0,0
refresh_misuse_rejected,25,refresh_misuse_rejected,0,0,1,0,0
refresh_misuse_rejected,26,refresh_misuse_rejected,0,0,1,0,0
refresh_misuse_rejected,27,refresh_misuse_rejected,0,0,1,0,0
refresh_misuse_rejected,28,refresh_misuse_rejected,0,0,1,0,0
refresh_misuse_rejected,29,refresh_misuse_rejected,0,0,1,0,0
refresh_misuse_rejected,3,refresh_misuse_rejected,0,0,1,0,0
refresh_misuse_rejected,30,refresh_misuse_rejected,0,0,1,0,0
refresh_misuse_rejected,31,refresh_misuse_rejected,0,0,1,0,0
refresh_misuse_rejected,32,refresh_misuse_rejected,0,0,1,0,0
refresh_misuse_rejected,33,refresh_misuse_rejected,0,0,1,0,0
refresh_misuse_rejected,34,refresh_misuse_rejected,0,0,1,0,0
refresh_misuse_rejected,35,refresh_misuse_rejected,0,0,1,0,0
refresh_misuse_rejected,36,refresh_misuse_rejected,0,0,1,0,0
refresh_misuse_rejected,37,refresh_misuse_rejected,0,0,1,0,0
refresh_misuse_rejected,38,refresh_misuse_rejected,0,0,1,0,0
refresh_misuse_rejected,39,refresh_misuse_rejected,0,0,1,0,0
refresh_misuse_rejected,4,refresh_misuse_rejected,0,0,1,0,0
refresh_misuse_rejected,40,refresh_misuse_rejected,0,0,1,0,0
refresh_misuse_rejected,41,refresh_misuse_rejected,0,0,1,0,0
refresh_misuse_rejected,42,refresh_misuse_rejected,0,0,1,0,0
refresh_misuse_rejected,43,refresh_misuse_rejected,0,0,1,0,0
refresh_misuse_rejected,44,refresh_misuse_rejected,0,0,1,0,0
refresh_misuse_rejected,45,refresh_misuse_rejected,0,0,1,0,0
refresh_misuse_rejected,46,refresh_misuse_rejected,0,0,1,0,0
refresh_misuse_rejected,47,refresh_misuse_rejected,0,0,1,0,0
refresh_misuse_rejected,48,refresh_misuse_rejected,0,0,1,0,0
refresh_misuse_rejected,49,refresh_misuse_rejected,0,0,1,0,0
refresh_misuse_rejected,5,refresh_misuse_rejected,0,0,1,0,0
refresh_misuse_rejected,50,refresh_misuse_rejected,0,0,1,0,0
refresh_misuse_rejected,51,refresh_misuse_rejected,0,0,1,0,0
refresh_misuse_rejected,52,refresh_misuse_rejected,0,0,1,0,0
refresh_misuse_rejected,53,refresh_misuse_rejected,0,0,1,0,0
refresh_misuse_rejected,54,refresh_misuse_rejected,0,0,1,0,0
refresh_misuse_rejected,55,refresh_misuse_rejected,0,0,1,0,0
refresh_misuse_rejected,56,refresh_misuse_rejected,0,0,1,0,0
refresh_misuse_rejected,57,refresh_misuse_rejected,0,0,1,0,0
refresh_misuse_rejected,58,refresh_misuse_rejected,0,0,1,0,0
refresh_misuse_rejected,59,refresh_misuse_rejected,0,0,1,0,0
refresh_misuse_rejected,6,refresh_misuse_rejected,0,0,1,0,0
refresh_misuse_rejected,60,refresh_misuse_rejected,0,0,1,0,0
refresh_misuse_rejected,61,refresh_misuse_rejected,0,0,1,0,0
refresh_misuse_rejected,62,refresh_misuse_rejected,0,0,1,0,0
refresh_misuse_rejected,63,refresh_misuse_rejected,0,0,1,0,0
refresh_misuse_rejected,64,refresh_misuse_rejected,0,0,1,0,0
refresh_misuse_rejected,65,refresh_misuse_rejected,0,0,1,0,0
refresh_misuse_rejected,66,refresh_misuse_rejected,0,0,1,0,0
refresh_misuse_rejected,67,refresh_misuse_rejected,0,0,1,0,0
refresh_misuse_rejected,68,refresh_misuse_rejected,0,0,1,0,0
refresh_misuse_rejected,69,refresh_misuse_rejected,0,0,1,0,0
refresh_misuse_rejected,7,refresh_misuse_rejected,0,0,1,0,0
refresh_misuse_rejected,70,refresh_misuse_rejected,0,0,1,0,0
refresh_misuse_rejected,71,refresh_misuse_rejected,0,0,1,0,0
refresh_misuse_rejected,72,refresh_misuse_rejected,0,0,1,0,0
refresh_misuse_rejected,73,refresh_misuse_rejected,0,0,1,0,0
refresh_misuse_rejected,74,refresh_misuse_rejected,0,0,1,0,0
refresh_misuse_rejected,75,refresh_misuse_rejected,0,0,1,0,0
refresh_misuse_rejected,76,refresh_misuse_rejected,0,0,1,0,0
refresh_misuse_rejected,77,refresh_misuse_rejected,0,0,1,0,0
refresh_misuse_rejected,78,refresh_misuse_rejected,0,0,1,0,0
refresh_misuse_rejected,79,refresh_misuse_rejected,0,0,1,0,0
refresh_misuse_rejected,8,refresh_misuse_rejected,0,0,1,0,0
refresh_misuse_rejected,80,refresh_misuse_rejected,0,0,1,0,0
refresh_misuse_rejected,81,refresh_misuse_rejected,0,0,1,0,0
refresh_misuse_rejected,82,refresh_misuse_rejected,0,0,1,0,0
refresh_misuse_rejected,83,refresh_misuse_rejected,0,0,1,0,0
refresh_misuse_rejected,84,refresh_misuse_rejected,0,0,1,0,0
refresh_misuse_rejected,85,refresh_misuse_rejected,0,0,1,0,0
refresh_misuse_rejected,86,refresh_misuse_rejected,0,0,1,0,0
refresh_misuse_rejected,87,refresh_misuse_rejected,0,0,1,0,0
refresh_misuse_rejected,88,refresh_misuse_rejected,0,0,1,0,0
refresh_misuse_rejected,89,refresh_misuse_rejected,0,0,1,0,0
refresh_misuse_rejected,9,refresh_misuse_rejected,0,0,1,0,0
refresh_misuse_rejected,90,refresh_misuse_rejected,0,0,1,0,0
refresh_misuse_rejected,91,refresh_misuse_rejected,0,0,1,0,0
refresh_misuse_rejected,92,refresh_misuse_rejected,0,0,1,0,0
refresh_misuse_rejected,93,refresh_misuse_rejected,0,0,1,0,0
refresh_misuse_rejected,94,refresh_misuse_rejected,0,0,1,0,0
refresh_misuse_rejected,95,refresh_misuse_rejected,0,0,1,0,0
refresh_misuse_rejected,96,refresh_misuse_rejected,0,0,1,0,0
refresh_misuse_rejected,97,refresh_misuse_rejected,0,0,1,0,0
refresh_misuse_rejected,98,refresh_misuse_rejected,0,0,1,0,0
refresh_misuse_rejected,99,refresh_misuse_rejected,0,0,1,0,0
refresh_misuse_stolen,1,refresh_misuse_rejected,1,1,1,0,1
refresh_misuse_stolen,10,refresh_misuse_rejected,1,1,1,0,1
refresh_misuse_stolen,100,refresh_misuse_rejected,1,1,1,0,1
refresh_misuse_stolen,101,refresh_misuse_rejected,1,1,1,0,1
refresh_misuse_stolen,102,refresh_misuse_rejected,1,1,1,0,1
refresh_misuse_stolen,103,refresh_misuse_rejected,1,1,1,0,1
refresh_misuse_stolen,104,refresh_misuse_rejected,1,1,1,0,1
refresh_misuse_stolen,105,refresh_misuse_rejected,1,1,1,0,1
refresh_misuse_stolen,106,refresh_misuse_rejected,1,1,1,0,1
refresh_misuse_stolen,107,refresh_misuse_rejected,1,1,1,0,1
refresh_misuse_stolen,108,refresh_misuse_rejected,1,1,1,0,1
refresh_misuse_stolen,109,refresh_misuse_rejected,1,1,1,0,1
refresh_misuse_stolen,11,refresh_misuse_rejected,1,1,1,0,1
refresh_misuse_stolen,110,refresh_misuse_rejected,1,1,1,0,1
refresh_misuse_stolen,111,refresh_misuse_rejected,1,1,1,0,1
refresh_misuse_stolen,112,refresh_misuse_rejected,1,1,1,0,1
refresh_misuse_stolen,113,refresh_misuse_rejected,1,1,1,0,1
refresh_misuse_stolen,114,refresh_misuse_rejected,1,1,1,0,1
refresh_misuse_stolen,115,refresh_misuse_rejected,1,1,1,0,1
refresh_misuse_stolen,116,refresh_misuse_rejected,1,1,1,0,1
refresh_misuse_stolen,117,refresh_misuse_rejected,1,1,1,0,1
refresh_misuse_stolen,118,refresh_misuse_rejected,1,1,1,0,1
refresh_misuse_stolen,119,refresh_misuse_rejected,1,1,1,0,1
refresh_misuse_stolen,12,refresh_misuse_rejected,1,1,1,0,1
refresh_misuse_stolen,120,refresh_misuse_rejected,1,1,1,0,1
refresh_misuse_stolen,121,refresh_misuse_rejected,1,1,1,0,1
refresh_misuse_stolen,122,refresh_misuse_rejected,1,1,1,0,1
refresh_misuse_stolen,123,refresh_misuse_rejected,1,1,1,0,1
refresh_misuse_stolen,124,refresh_misuse_rejected,1,1,1,0,1
refresh_misuse_stolen,125,refresh_misuse_rejected,1,1,1,0,1
refresh_misuse_stolen,126,refresh_misuse_rejected,1,1,1,0,1
refresh_misuse_stolen,127,refresh_misuse_rejected,1,1,1,0,1
refresh_misuse_stolen,128,refresh_misuse_rejected,1,1,1,0,1
refresh_misuse_stolen,129,refresh_misuse_rejected,1,1,1,0,1
refresh_misuse_stolen,13,refresh_misuse_rejected,1,1,1,0,1
refresh_misuse_stolen,130,refresh_misuse_rejected,1,1,1,0,1
refresh_misuse_stolen,131,refresh_misuse_rejected,1,1,1,0,1
refresh_misuse_stolen,132,refresh_misuse_rejected,1,1,1,0,1
refresh_misuse_stolen,133,refresh_misuse_rejected,1,1,1,0,1
refresh_misuse_stolen,134,refresh_misuse_rejected,1,1,1,0,1
refresh_misuse_stolen,135,refresh_misuse_rejected,1,1,1,0,1
refresh_misuse_stolen,136,refresh_misuse_rejected,1,1,1,0,1
refresh_misuse_stolen,137,refresh_misuse_rejected,1,1,1,0,1
refresh_misuse_stolen,138,refresh_misuse_rejected,1,1,1,0,1
refresh_misuse_stolen,139,refresh_misuse_rejected,1,1,1,0,1
refresh_misuse_stolen,14,refresh_misuse_rejected,1,1,1,0,1
refresh_misuse_stolen,140,refresh_misuse_rejected,1,1,1,0,1
refresh_misuse_stolen,141,refresh_misuse_rejected,1,1,1,0,1
refresh_misuse_stolen,142,refresh_misuse_rejected,1,1,1,0,1
refresh_misuse_stolen,143,refresh_misuse_rejected,1,1,1,0,1
refresh_misuse_stolen,144,refresh_misuse_rejected,1,1,1,0,1
refresh_misuse_stolen,145,refresh_misuse_rejected,1,1,1,0,1
refresh_misuse_stolen,146,refresh_misuse_rejected,1,1,1,0,1
refresh_misuse_stolen,147,refresh_misuse_rejected,1,1,1,0,1
refresh_misuse_stolen,148,refresh_misuse_rejected,1,1,1,0,1
refresh_misuse_stolen,149,refresh_misuse_rejected,1,1,1,0,1
refresh_misuse_stolen,15,refresh_misuse_rejected,1,1,1,0,1
refresh_misuse_stolen,150,refresh_misuse_rejected,1,1,1,0,1
refresh_misuse_stolen,151,refresh_misuse_rejected,1,1,1,0,1
refresh_misuse_stolen,152,refresh_misuse_rejected,1,1,1,0,1
refresh_misuse_stolen,153,refresh_misuse_rejected,1,1,1,0,1
refresh_misuse_stolen,154,refresh_misuse_rejected,1,1,1,0,1
refresh_misuse_stolen,155,refresh_misuse_rejected,1,1,1,0,1
refresh_misuse_stolen,16,refresh_misuse_rejected,1,1,1,0,1
refresh_misuse_stolen,17,refresh_misuse_rejected,1,1,1,0,1
refresh_misuse_stolen,18,refresh_misuse_rejected,1,1,1,0,1
refresh_misuse_stolen,19,refresh_misuse_rejected,1,1,1,0,1
refresh_misuse_stolen,2,refresh_misuse_rejected,1,1,1,0,1
refresh_misuse_stolen,20,refresh_misuse_rejected,1,1,1,0,1
refresh_misuse_stolen,21,refresh_misuse_rejected,1,1,1,0,1
refresh_misuse_stolen,22,refresh_misuse_rejected,1,1,1,0,1
refresh_misuse_stolen,23,refresh_misuse_rejected,1,1,1,0,1
refresh_misuse_stolen,24,refresh_misuse_rejected,1,1,1,0,1
refresh_misuse_stolen,25,refresh_misuse_rejected,1,1,1,0,1
refresh_misuse_stolen,26,refresh_misuse_rejected,1,1,1,0,1
refresh_misuse_stolen,27,refresh_misuse_rejected,1,1,1,0,1
refresh_misuse_stolen,28,refresh_misuse_rejected,1,1,1,0,1
refresh_misuse_stolen,29,refresh_misuse_rejected,1,1,1,0,1
refresh_misuse_stolen,3,refresh_misuse_rejected,1,1,1,0,1
refresh_misuse_stolen,30,refresh_misuse_rejected,1,1,1,0,1
refresh_misuse_stolen,31,refresh_misuse_rejected,1,1,1,0,1
refresh_misuse_stolen,32,refresh_misuse_rejected,1,1,1,0,1
refresh_misuse_stolen,33,refresh_misuse_rejected,1,1,1,0,1
refresh_misuse_stolen,34,refresh_misuse_rejected,1,1,1,0,1
refresh_misuse_stolen,35,refresh_misuse_rejected,1,1,1,0,1
refresh_misuse_stolen,36,refresh_misuse_rejected,1,1,1,0,1
refresh_misuse_stolen,37,refresh_misuse_rejected,1,1,1,0,1
refresh_misuse_stolen,38,refresh_misuse_rejected,1,1,1,0,1
refresh_misuse_stolen,39,refresh_misuse_rejected,1,1,1,0,1
refresh_misuse_stolen,4,refresh_misuse_rejected,1,1,1,0,1
refresh_misuse_stolen,40,refresh_misuse_rejected,1,1,1,0,1
refresh_misuse_stolen,41,refresh_misuse_rejected,1,1,1,0,1
refresh_misuse_stolen,42,refresh_misuse_rejected,1,1,1,0,1
refresh_misuse_stolen,43,refresh_misuse_rejected,1,1,1,0,1
refresh_misuse_stolen,44,refresh_misuse_rejected,1,1,1,0,1
refresh_misuse_stolen,45,refresh_misuse_rejected,1,1,1,0,1
refresh_misuse_stolen,46,refresh_misuse_rejected,1,1,1,0,1
refresh_misuse_stolen,47,refresh_misuse_rejected,1,1,1,0,1
refresh_misuse_stolen,48,refresh_misuse_rejected,1,1,1,0,1
refresh_misuse_stolen,49,refresh_misuse_rejected,1,1,1,0,1
refresh_misuse_stolen,5,refresh_misuse_rejected,1,1,1,0,1
refresh_misuse_stolen,50,refresh_misuse_rejected,1,1,1,0,1
refresh_misuse_stolen,51,refresh_misuse_rejected,1,1,1,0,1
refresh_misuse_stolen,52,refresh_misuse_rejected,1,1,1,0,1
refresh_misuse_stolen,53,refresh_misuse_rejected,1,1,1,0,1
refresh_misuse_stolen,54,refresh_misuse_rejected,1,1,1,0,1
refresh_misuse_stolen,55,refresh_misuse_rejected,1,1,1,0,1
refresh_misuse_stolen,56,refresh_misuse_rejected,1,1,1,0,1
refresh_misuse_stolen,57,refresh_misuse_rejected,1,1,1,0,1
refresh_misuse_stolen,58,refresh_misuse_rejected,1,1,1,0,1
refresh_misuse_stolen,59,refresh_misuse_rejected,1,1,1,0,1
refresh_misuse_stolen,6,refresh_misuse_rejected,1,1,1,0,1
refresh_misuse_stolen,60,refresh_misuse_rejected,1,1,1,0,1
refresh_misuse_stolen,61,refresh_misuse_rejected,1,1,1,0,1
refresh_misuse_stolen,62,refresh_misuse_rejected,1,1,1,0,1
refresh_misuse_stolen,63,refresh_misuse_rejected,1,1,1,0,1
refresh_misuse_stolen,64,refresh_misuse_rejected,1,1,1,0,1
refresh_misuse_stolen,65,refresh_misuse_rejected,1,1,1,0,1
refresh_misuse_stolen,66,refresh_misuse_rejected,1,1,1,0,1
refresh_misuse_stolen,67,refresh_misuse_rejected,1,1,1,0,1
refresh_misuse_stolen,68,refresh_misuse_rejected,1,1,1,0,1
refresh_misuse_stolen,69,refresh_misuse_rejected,1,1,1,0,1
refresh_misuse_stolen,7,refresh_misuse_rejected,1,1,1,0,1
refresh_misuse_stolen,70,refresh_misuse_rejected,1,1,1,0,1
refresh_misuse_stolen,71,refresh_misuse_rejected,1,1,1,0,1
refresh_misuse_stolen,72,refresh_misuse_rejected,1,1,1,0,1
refresh_misuse_stolen,73,refresh_misuse_rejected,1,1,1,0,1
refresh_misuse_stolen,74,refresh_misuse_rejected,1,1,1,0,1
refresh_misuse_stolen,75,refresh_misuse_rejected,1,1,1,0,1
refresh_misuse_stolen,76,refresh_misuse_rejected,1,1,1,0,1
refresh_misuse_stolen,77,refresh_misuse_rejected,1,1,1,0,1
refresh_misuse_stolen,78,refresh_misuse_rejected,1,1,1,0,1
refresh_misuse_stolen,79,refresh_misuse_rejected,1,1,1,0,1
refresh_misuse_stolen,8,refresh_misuse_rejected,1,1,1,0,1
refresh_misuse_stolen,80,refresh_misuse_rejected,1,1,1,0,1
refresh_misuse_stolen,81,refresh_misuse_rejected,1,1,1,0,1
refresh_misuse_stolen,82,refresh_misuse_rejected,1,1,1,0,1
refresh_misuse_stolen,83,refresh_misuse_rejected,1,1,1,0,1
refresh_misuse_stolen,84,refresh_misuse_rejected,1,1,1,0,1
refresh_misuse_stolen,85,refresh_misuse_rejected,1,1,1,0,1
refresh_misuse_stolen,86,refresh_misuse_rejected,1,1,1,0,1
refresh_misuse_stolen,87,refresh_misuse_rejected,1,1,1,0,1
refresh_misuse_stolen,88,refresh_misuse_rejected,1,1,1,0,1
refresh_misuse_stolen,89,refresh_misuse_rejected,1,1,1,0,1
refresh_misuse_stolen,9,refresh_misuse_rejected,1,1,1,0,1
refresh_misuse_stolen,90,refresh_misuse_rejected,1,1,1,0,1
refresh_misuse_stolen,91,refresh_misuse_rejected,1,1,1,0,1
refresh_misuse_stolen,92,refresh_misuse_rejected,1,1,1,0,1
refresh_misuse_stolen,93,refresh_misuse_rejected,1,1,1,0,1
refresh_misuse_stolen,94,refresh_misuse_rejected,1,1,1,0,1
refresh_misuse_stolen,95,refresh_misuse_rejected,1,1,1,0,1
refresh_misuse_stolen,96,refresh_misuse_rejected,1,1,1,0,1
refresh_misuse_stolen,97,refresh_misuse_rejected,1,1,1,0,1
refresh_misuse_stolen,98,refresh_misuse_rejected,1,1,1,0,1
refresh_misuse_stolen,99,refresh_misuse_rejected,1,1,1,0,1
